id,type,title,selftext,created_utc,upvote_ratio,upvote
1ktem1a,submission,RU POV: Fiber-optic drone hit Ukrainian international MaxxPro.,,1747989707.0,1.0,<bound method VotableMixin.upvote of Submission(id='1ktem1a')>
1ktcrp5,submission,RU POV: FPV drone strikes on Ukrainian vehicles.,,1747981894.0,0.96,<bound method VotableMixin.upvote of Submission(id='1ktcrp5')>
1ktcqyq,submission,"UA POV: In Kharkiv, a drunken soldier fired a pneumatic pistol at minors because he was offended that they called him a TCC officer due to his military uniform - TSN",,1747981814.0,0.88,<bound method VotableMixin.upvote of Submission(id='1ktcqyq')>
mtsjgd0,comment,,"#####&#009;

######&#009;

####&#009;

> # [–£ –•–∞—Ä–∫–æ–≤—ñ –≤—ñ–π—Å—å–∫–æ–≤–∏–π —Å—Ç—Ä—ñ–ª—è–≤ —É –ø—ñ–¥–ª—ñ—Ç–∫—ñ–≤: –æ–±—Ä–∞–∑–∏–≤—Å—è, —â–æ –Ω–∞–∑–≤–∞–ª–∏ ""–¢–¶–ö—à–Ω–∏–∫–æ–º""](https://img.tsn.ua/cached/669/tsn-ed71814124f95cefb3093cdb7dd2dd14/thumbs/1200x630/1c/63/d81fbc5eea743f2d4e79c2a57e25631c.jpeg)
> 
>   
>   
>  [–ü–Ω–µ–≤–º–∞—Ç–∏—á–Ω–∏–π –ø—ñ—Å—Ç–æ–ª–µ—Ç. –§–æ—Ç–æ —ñ–ª—é—Å—Ç—Ä–∞—Ç–∏–≤–Ω–µ](https://img.tsn.ua/cached/669/tsn-ed71814124f95cefb3093cdb7dd2dd14/thumbs/1200x630/1c/63/d81fbc5eea743f2d4e79c2a57e25631c.jpeg ""–ü–Ω–µ–≤–º–∞—Ç–∏—á–Ω–∏–π –ø—ñ—Å—Ç–æ–ª–µ—Ç. –§–æ—Ç–æ —ñ–ª—é—Å—Ç—Ä–∞—Ç–∏–≤–Ω–µ"")
> 
>   –ü–Ω–µ–≤–º–∞—Ç–∏—á–Ω–∏–π –ø—ñ—Å—Ç–æ–ª–µ—Ç / –§–æ—Ç–æ —ñ–ª—é—Å—Ç—Ä–∞—Ç–∏–≤–Ω–µ
> 
>   –£ –•–∞—Ä–∫–æ–≤—ñ –º–æ–±—ñ–ª—ñ–∑–æ–≤–∞–Ω–∏–π –≤—ñ–π—Å—å–∫–æ–≤–∏–π –≤—ñ–¥–∫—Ä–∏–≤ –≤–æ–≥–æ–Ω—å –∑ –ø–Ω–µ–≤–º–∞—Ç–∏—á–Ω–æ–≥–æ –ø—ñ—Å—Ç–æ–ª–µ—Ç–∞ –ø–æ –ø—ñ–¥–ª—ñ—Ç–∫–∞—Ö, —è–∫—ñ –Ω—ñ–±–∏—Ç–æ –Ω–∞–∑–∏–≤–∞–ª–∏ –π–æ–≥–æ –¢–¶–ö—ñ–≤—Ü–µ–º.
> 
> –ü—Ä–æ —Ü–µ [–π–¥–µ—Ç—å—Å—è](https://reyestr.court.gov.ua/Review/127424171) —É –≤–∏—Ä–æ–∫—É –°–∞–ª—Ç—ñ–≤—Å—å–∫–æ–≥–æ —Ä–∞–π–æ–Ω–Ω–æ–≥–æ —Å—É–¥—É –•–∞—Ä–∫–æ–≤–∞ –≤—ñ–¥ 19 —Ç—Ä–∞–≤–Ω—è 2025 —Ä–æ–∫—É.
> 
> –Ü–Ω—Ü–∏–¥–µ–Ω—Ç —Å—Ç–∞–≤—Å—è —É –±–µ—Ä–µ–∑–Ω—ñ —Ü—å–æ–≥–æ —Ä–æ–∫—É. –ó–≥—ñ–¥–Ω–æ –∑ –º–∞—Ç–µ—Ä—ñ–∞–ª–∞–º–∏ —Å–ø—Ä–∞–≤–∏, —á–æ–ª–æ–≤—ñ–∫ –ø–æ—ó—Ö–∞–≤ –¥–æ —Å–µ—Å—Ç—Ä–∏ —Å–≤—è—Ç–∫—É–≤–∞—Ç–∏ 8 –ë–µ—Ä–µ–∑–Ω—è. –¢–∞–º –≤—ñ–Ω –∑ —Å–µ—Å—Ç—Ä–æ—é –≤–∂–∏–≤–∞–≤ –∞–ª–∫–æ–≥–æ–ª—å–Ω—ñ –Ω–∞–ø–æ—ó. –ö–æ–ª–∏ –≤–∏–ø–∏–≤–∫–∏ –∑–∞–±—Ä–∞–∫–ª–æ, —á–æ–ª–æ–≤—ñ–∫ –ø—ñ—à–æ–≤ –¥–æ –º–∞–≥–∞–∑–∏–Ω—É –∫—É–ø–∏—Ç–∏ —â–µ. –¢–∞–º –≤—ñ–Ω –∑—É—Å—Ç—Ä—ñ–≤ —Å–≤–æ–≥–æ –¥—Ä—É–≥–∞.
> 
> –ù–∞ –≤—É–ª–∏—Ü—ñ –≤—ñ–π—Å—å–∫–æ–≤–∏–π –±–∞—á–∏–≤, —â–æ –Ω–µ–ø–æ–¥–∞–ª—ñ–∫ –≤—ñ–¥ –Ω–∏—Ö —Å—Ç–æ—è–ª–∏ –¥–≤–æ—î –ø—ñ–¥–ª—ñ—Ç–∫—ñ–≤. –í—ñ–Ω –Ω–µ –∑—Ä–æ–∑—É–º—ñ–≤, —â–æ –≤–æ–Ω–∏ –Ω–µ–ø–æ–≤–Ω–æ–ª—ñ—Ç–Ω—ñ, –≤–æ–Ω–∏ –π–æ–º—É –∑–¥–∞–≤–∞–ª–∏—Å—è –¥–æ—Ä–æ—Å–ª–∏–º–∏. –í—ñ–Ω –ø–æ—á—É–≤, —â–æ —Ü—ñ —Ö–ª–æ–ø—Ü—ñ —Ö—ñ—Ö—ñ–∫–∞—é—Ç—å ‚Äî –ø–æ–¥—É–º–∞–≤, —â–æ –≤–æ–Ω–∏ –Ω–∞—Å–º—ñ—Ö–∞—é—Ç—å—Å—è –∑ –Ω—å–æ–≥–æ, –Ω–∞ —â–æ –≤—ñ–Ω —ó–º –∑—Ä–æ–±–∏–≤ –∑–∞—É–≤–∞–∂–µ–Ω–Ω—è. –ü—Ä–æ—Ç–µ —Ö–ª–æ–ø—Ü—ñ –Ω–µ –≤—ñ–¥—Ä–µ–∞–≥—É–≤–∞–ª–∏. –ü–æ—Ç—ñ–º –Ω–∞ —Å–≤–æ—é –∞–¥—Ä–µ—Å—É –≤—ñ–Ω –ø–æ—á—É–≤ —Å–ª–æ–≤–æ ¬´–¢–¶–ö¬ª –≤—ñ–¥ —Ü–∏—Ö —é–Ω–∞–∫—ñ–≤. –ü–æ–∑–∞—è–∫ —á–æ–ª–æ–≤—ñ–∫ –±—É–≤ —É —Ñ–æ—Ä–º—ñ, —Ö–ª–æ–ø—Ü—ñ –Ω–∞–∑–≤–∞–ª–∏ –π–æ–≥–æ ¬´–¢–¶–ö–∞—à–Ω–∏–∫–æ–º¬ª, —â–æ –¥–ª—è –Ω—å–æ–≥–æ –±—É–ª–æ –æ–±—Ä–∞–∑–ª–∏–≤–æ.
> 
> ¬´–û—Å–∫—ñ–ª—å–∫–∏ –≤—ñ–Ω –±—É–≤ —É –Ω–µ—Ç–≤–µ—Ä–µ–∑–æ–º—É —Å—Ç–∞–Ω—ñ, –Ω–µ –ø–æ–≤–Ω—ñ—Å—Ç—é –∫–æ–Ω—Ç—Ä–æ–ª—é–≤–∞–≤ —Å–≤–æ—ó –¥—ñ—ó, –≤—ñ–Ω –¥—ñ—Å—Ç–∞–≤ –ø—ñ—Å—Ç–æ–ª–µ—Ç, —Å–ø–æ—á–∞—Ç–∫—É –∑—Ä–æ–±–∏–≤ –ø–æ—Å—Ç—Ä—ñ–ª —É –ø–æ–≤—ñ—Ç—Ä—è, –Ω–∞ —â–æ —Ö–ª–æ–ø—Ü—ñ –Ω–µ –≤—ñ–¥—Ä–µ–∞–≥—É–≤–∞–ª–∏, –∞ –ª–∏—à–µ –ø–æ—á–∞–ª–∏ —Å–º—ñ—è—Ç–∏—Å—è. –¢–æ–º—É –≤—ñ–Ω –ø–æ—á–∞–≤ —Å—Ç—Ä—ñ–ª—è—Ç–∏ –≤ —Ä—ñ–∑–Ω—ñ –±–æ–∫–∏¬ª, ‚Äî –π–¥–µ—Ç—å—Å—è –≤ –ø–æ–≤—ñ–¥–æ–º–ª–µ–Ω–Ω—ñ.
> 
> –û–±–≤–∏–Ω—É–≤–∞—á–µ–Ω–∏–π –∑–∞–ø–µ–≤–Ω—è—î, —â–æ –ø–æ—Ü—ñ–ª–∏—Ç–∏ —É —Ö–ª–æ–ø—Ü—ñ–≤ —É –Ω—å–æ–≥–æ –Ω–∞ –º–µ—Ç—ñ –Ω–µ –±—É–ª–æ. ¬´–Ø –≤ –Ω–∏—Ö –Ω–µ —Ü—ñ–ª–∏–≤—Å—è, –±–æ —è–∫–±–∏ —Ü—ñ–ª–∏–≤—Å—è, —Ç–æ –≤–ª—É—á–∏–≤ –±–∏, –æ—Å–∫—ñ–ª—å–∫–∏ –≥–∞—Ä–Ω–æ —Å—Ç—Ä—ñ–ª—è—é¬ª, ‚Äî —Å–∫–∞–∑–∞–≤ –≤—ñ–Ω.
> 
> –í—ñ—Å—å–∫–æ–≤–æ—Å–ª—É–∂–±–æ–≤–µ—Ü—å —Å–≤–æ—é –ø—Ä–æ–≤–∏–Ω—É –≤–∏–∑–Ω–∞–≤ –ø–æ–≤–Ω—ñ—Å—Ç—é —Ç–∞ –ø–æ—è—Å–Ω–∏–≤, —â–æ –æ—Å–∫—ñ–ª—å–∫–∏ –±—É–≤ —É –Ω–µ—Ç–≤–µ—Ä–µ–∑–æ–º—É —Å—Ç–∞–Ω—ñ, –Ω–µ –ø–æ–≤–Ω—ñ—Å—Ç—é –∫–æ–Ω—Ç—Ä–æ–ª—é–≤–∞–≤ —Å–≤–æ—ó –¥—ñ—ó. –í—ñ–Ω –¥–æ–¥–∞–≤, —â–æ –±–∞–∂–∞—î –ø–æ–≤–µ—Ä–Ω—É—Ç–∏—Å—è –Ω–∞ —Å–ª—É–∂–±—É, —â–æ–± –ø—Ä–æ–¥–æ–≤–∂–∏—Ç–∏ –∑–∞—Ö–∏—â–∞—Ç–∏ –ë–∞—Ç—å–∫—ñ–≤—â–∏–Ω—É. –°—É–¥ –ø—Ä–∏–∑–Ω–∞—á–∏–≤ —á–æ–ª–æ–≤—ñ–∫–æ–≤—ñ –ø–æ–∫–∞—Ä–∞–Ω–Ω—è —É –≤–∏–≥–ª—è–¥—ñ 3 —Ä–æ–∫—ñ–≤ —Ç–∞ 1 –º—ñ—Å—è—Ü—è –ø–æ–∑–±–∞–≤–ª–µ–Ω–Ω—è –≤–æ–ª—ñ.
> 
> –†–∞–Ω—ñ—à–µ –ø–æ–≤—ñ–¥–æ–º–ª—è–ª–æ—Å—è, —â–æ –Ω–∞ –õ—å–≤—ñ–≤—â–∏–Ω—ñ 8 —á–æ–ª–æ–≤—ñ–∫—ñ–≤ **[–∂–æ—Ä—Å—Ç–æ–∫–æ –ø–æ–±–∏–ª–∏ –≤–µ—Ç–µ—Ä–∞–Ω–∞-–ø—Ä–∞—Ü—ñ–≤–Ω–∏–∫–∞ –¢–¶–ö.](https://lviv.tsn.ua/lviv/na-lvivshchyni-8-cholovikiv-zorstoko-pobyly-veterana-pratsivnyka-ttsk-2833856.html)**

  
  
  
- - - - - -

[Maintainer](https://www.reddit.com/user/urielsalis) | [Creator](https://www.reddit.com/user/subtepass) | [Source Code](https://github.com/urielsalis/empleadoEstatalBot)",1747981983.0,,<bound method VotableMixin.upvote of Submission(id='1ktcqyq')>
mtsn9u4,comment,,What is a uniformed soldier doing walking around drunk with an air pistol?,1747984120.0,,<bound method VotableMixin.upvote of Submission(id='1ktcqyq')>
mtsj80m,comment,,"> In Kharkiv, a mobilized serviceman opened fire with a pneumatic pistol at teenagers who had allegedly called him a TCC officer.
> 
> This is stated in the verdict of the Saltivskyi District Court of Kharkiv dated May 19, 2025.
> 
> The incident occurred in March of this year. According to the case materials, the man went to his sister‚Äôs place to celebrate International Women‚Äôs Day on March 8. There, he drank alcoholic beverages with his sister. When they ran out of alcohol, he went to a store to buy more, where he met a friend.
> 
> Outside, the soldier noticed two teenagers standing nearby. He did not realize they were minors‚Äîthey seemed like adults to him. He heard the boys chuckling and assumed they were mocking him, so he confronted them. However, the boys did not react. Then he heard one of them say the word ‚ÄúTCC‚Äù directed at him. Since the man was in uniform, the boys called him a ‚ÄúTCCshnyk,‚Äù which he found offensive.
> 
> ‚ÄúSince he was intoxicated and not fully in control of his actions, he pulled out a pistol and first fired a shot into the air, which the boys ignored and instead started laughing. So he began shooting in various directions,‚Äù the document states.
> 
> The accused claims he had no intention of hitting the boys. ‚ÄúI wasn‚Äôt aiming at them‚Äîif I had been, I would have hit them, because I‚Äôm a good shot,‚Äù he said.
> 
> The serviceman fully admitted his guilt and explained that he was not entirely in control of his actions due to being drunk. He added that he wishes to return to service to continue defending the Homeland. The court sentenced the man to 3 years and 1 month of imprisonment.
>",1747981855.0,,<bound method VotableMixin.upvote of Submission(id='1ktcqyq')>
mtsta2z,comment,,Drunkenness reveals what soberness conceals.,1747987692.0,,<bound method VotableMixin.upvote of Submission(id='1ktcqyq')>
mtsnz0d,comment,,Intimidating teenagers of course. They looked old enough to be shot at! The new Ukrainian coming of age!,1747984524.0,,<bound method VotableMixin.upvote of Submission(id='1ktcqyq')>
1ktc7xd,submission,UA POV: The New German Chancellor Merz stated they willl continue to support Ukraine including militarily and at the same time they hope that there will be a chance for a ceasefire and then for peace talks,">'We do not rule out any conceivable possibility of reaching a diplomatic solution. We understand that it will not be possible to achieve it in the shortest possible time. Therefore, we will continue to support Ukraine, including militarily. At the same time, we hope that there will be a chance for a ceasefire and then for peace talks. But once again: this is a process that is just beginning and which may last many more weeks, perhaps even months.'

",1747979690.0,0.87,<bound method VotableMixin.upvote of Submission(id='1ktc7xd')>
mtsjjdj,comment,,"they got the order of the things wrong thats the problem, it goes -> peace talks and then implementation of basics and ceasefire and then permanent peace when everything is verified.",1747982030.0,,<bound method VotableMixin.upvote of Submission(id='1ktc7xd')>
mtsl7rf,comment,,"Stoltenberg did a 180 uturn on the EU/NATO narrative as soon as he stepped down from his post.

After this I realised, every EU leader is a puppet for some kind of EU/NATO deepstate, speaking a fixed dialogue that they are given, regardless of their predecessor or successor...",1747982962.0,,<bound method VotableMixin.upvote of Submission(id='1ktc7xd')>
mtsnu3r,comment,,"If only Europe would stop its hypocrisy,treating Israel as it treats Russia, and prosecuting its own politicians for the illegal invasions of Iraq and Afghanistan. Despite widespread condemnation, Europe has taken no meaningful action to sanction Israel, it is aclear double standard in its foreign policy.",1747984446.0,,<bound method VotableMixin.upvote of Submission(id='1ktc7xd')>
mtsi3qw,comment,,Man these guys just can‚Äôt let go,1747981237.0,,<bound method VotableMixin.upvote of Submission(id='1ktc7xd')>
mtsmlta,comment,,"This is a true politician's statement. In one half, you are pro-war; in the other half, you are pro-peace, so everyone is included.

If you personally support war, you will remember how he is pro-war just like you, and if you are against war, you will remember that he is pro-peace, just like you.",1747983736.0,,<bound method VotableMixin.upvote of Submission(id='1ktc7xd')>
mtso5qh,comment,,These disingenuous malicious bastards. I hope trump cuts off intel. Europe can handle it with their nonexistent ISR capabilities,1747984632.0,,<bound method VotableMixin.upvote of Submission(id='1ktc7xd')>
mtsplft,comment,,Dont these politician clowns realize that further military and financial support will in fact not bring ceasefire and peace but only more war and destruction?,1747985489.0,,<bound method VotableMixin.upvote of Submission(id='1ktc7xd')>
mtsogll,comment,,"Merz knew very well:

agreement -> piece",1747984809.0,,<bound method VotableMixin.upvote of Submission(id='1ktc7xd')>
mtsknhg,comment,,"They got it exactly right for what they want to achieve. Keep the conflict frozen, ready to unfreeze when the time comes.",1747982648.0,,<bound method VotableMixin.upvote of Submission(id='1ktc7xd')>
mtssfra,comment,,"What? Have a Link? 

Very interesting",1747987181.0,,<bound method VotableMixin.upvote of Submission(id='1ktc7xd')>
mtsmuc1,comment,,Cult with open code,1747983874.0,,<bound method VotableMixin.upvote of Submission(id='1ktc7xd')>
mtsofmg,comment,,"Its not a double standard per say, its simply hypocrisy. Europe, and the US, and NATO, and the entire West, do not have morals, period. Our ""leaders"" are there to enrich an incredibly small group of persons. Sending people to their deaths, supporting a genocide, its just business as usual.",1747984792.0,,<bound method VotableMixin.upvote of Submission(id='1ktc7xd')>
mtsslo3,comment,,"> aclear double standard in its foreign policy

Is it?  Europe sees Russia as a threat.  Israel's actions against Hezbollah led directly to Russia's expulsion from Syria, weakening Russia geopolitically.  Russia and Iran are allied, and Iran and Israel are enemies.

If Europe's foreign policy is to gain any advantage possible over Russia, then supporting Israel is in line with that.  They're terrified of Russia, and that outweighs anything else.",1747987280.0,,<bound method VotableMixin.upvote of Submission(id='1ktc7xd')>
mtsqfk9,comment,,They are perfectly aware of it.,1747985995.0,,<bound method VotableMixin.upvote of Submission(id='1ktc7xd')>
mtsta19,comment,,u/Ripamon?,1747987692.0,,<bound method VotableMixin.upvote of Submission(id='1ktc7xd')>
mtsue0i,comment,,See u/Ripamon's comment below,1747988371.0,,<bound method VotableMixin.upvote of Submission(id='1ktc7xd')>
mtsto96,comment,,"> Our ""leaders"" are there to enrich an incredibly small group of persons. Sending people to their deaths

Meanwhile, Putin becomes fabulously wealthy during his tenure as president, and offensively wages the bloodiest war in Europe since WWII.

Also, geopolitics is morally bankrupt by necessity.",1747987933.0,,<bound method VotableMixin.upvote of Submission(id='1ktc7xd')>
mtsvvla,comment,,"That explains Europe's strategic interest but it misses the main Europe claims to uphold international law and a rules-based order. Europe sanctions Russia for violating sovereignty and human rights, yet ignores similar accusations against Israel.

If Europe excuses violations when it's politically convenient, like weakening Russia,  that's a clear double standard. Strategic interests don‚Äôt erase legal or moral obligations. You can‚Äôt enforce rules selectively and still claim to stand for universal principles.",1747989292.0,,<bound method VotableMixin.upvote of Submission(id='1ktc7xd')>
mtstrsi,comment,,"
**When he was in power:** No land for peace! No territorial concessions! Not one inch!

https://www.politico.eu/article/nato-jens-stoltenberg-rules-ukraine-russia-war-land-peace-deal-minsk-agreement-vladimir-putin/


**After stepping down:** Haha jk, maybe Ukraine should trade land for peace, yall getting stomped lol 


https://www.reddit.com/r/UkraineRussiaReport/s/SpeaMtIyq0

https://www.reddit.com/r/UkraineRussiaReport/s/oUHy4nD4S4",1747987994.0,,<bound method VotableMixin.upvote of Submission(id='1ktc7xd')>
mtswlk1,comment,,"No one in the right mind says Putin is a ""moral"" person, you have to be ten timnes of crazy to even think that morality applies to Putin. He is a ruthless pragmatic bastard that you know where you stand with him and that's it. 

On the other hand we have the bastions of morality on the US and EU proclaiming morality, rule of law and democracy left and right while watching Israel starve and kill children.

The hypocricy is fucking sickening.",1747989731.0,,<bound method VotableMixin.upvote of Submission(id='1ktc7xd')>
mtsu5m3,comment,,As alwaysüëèüèº,1747988226.0,,<bound method VotableMixin.upvote of Submission(id='1ktc7xd')>
mtsugkr,comment,,"Even back then, people here were smart enough to realise it:

https://preview.redd.it/oum6jt00rh2f1.png?width=1290&format=png&auto=webp&s=1abfa1d6328e02c5a181533ea2eae5a6acccb06a",1747988415.0,,<bound method VotableMixin.upvote of Submission(id='1ktc7xd')>
1ktc63r,submission,RU POV Russia‚Äôs Special Economic Zones Attracting New Foreign Investors - RUSSIA'S PIVOT TO ASIA,Sanctions are creating an environment where the Russian economy is switching to Asian trade partnerships and business practices like establishing Special Economic Zones and Free Trade Zones. Should these be set up in Donbass to fund reconstruction after the war?,1747979488.0,0.98,<bound method VotableMixin.upvote of Submission(id='1ktc63r')>
mtsf1qn,comment,,"#####&#009;

######&#009;

####&#009;

> # [Russia‚Äôs Special Economic Zones Attracting New Foreign Investors - RUSSIA'S PIVOT TO ASIA](https://russiaspivottoasia.com/wp-content/uploads/2024/07/Tartarstan-SEZ.jpg)
> 
>   
>   
> [Image](https://russiaspivottoasia.com/wp-content/uploads/2024/07/Tartarstan-SEZ-1.jpg)_The Tatarstan SEZ near Kazan_The Russian Ministry of the Economy has been assessing the effectiveness of the 44 Special Economic Zones (SEZ) in the country, including their fiscal effectiveness. SEZs are attractive investments for foreign investors as they typically offer reduced corporate income tax rates ‚Äì typically zero for the first three-five years and at a 50% discount for the next five, as well as discounts on worker welfare contributions and utility bills. As energy costs are already low in Russia, this can make an investment in a SEZ highly attractive. Tax rates and overheads can differ from zone to zone.
> 
> Other benefits ‚Äì especially for SEZ situated near Russia‚Äôs borders, can be their bonded zones. These mean that component parts can be imported duty free into the SEZ and then married with Russian local components without import duty and VAT having to be paid during the final product manufacturing or assembly process. This saves cash flow. The finished product can then either be sold onto the Russian domestic market (at which point duties and VAT are levied onto the retail price) or reexported elsewhere (with no duty payable in Russia). As Russia is also a member of the Eurasian Economic Union (EAEU) this means using a Russian SEZ to access markets within the EAEU can be financially attractive. The EAEU also includes Armenia, Belarus, Kazakhstan and Kyrgyzstan, and has free trade agreements with Iran, Serbia and Vietnam.
> 
> For financial comparisons and evaluation of Russia‚Äôs SEZ please contact us at [research at russiaspivottoasia.com](mailto:research at russiaspivottoasia.com)
> 
> The Ministry of Economics also examined Russia‚Äôs SEZ fiscal contributions as well. In doing so, it found that most were productive, with business models contributing a combined <a>‚ÇΩ</a>1.2 trillion (US$11.4 billion) to Russia‚Äôs GDP.
> 
> Of the 44 SEZs that were evaluated, 25 zones were considered fiscally effective, 18 achievably effective, with 1 ineffective, for which the management system has already been rebooted. The Ministry did not reveal which SEZs achieved these results.
> 
> Some adjustments to improve SEZ effective are being evaluated and are to be sent to the State Duma for passing into Russia‚Äôs SEZ laws. These include re-balancing the tax benefits for new investors to reflect differences in recognised R&D allowances as a capital contribution and the actual capitalisation.
> 
> Russia‚Äôs SEZs have also become increasingly popular with foreign investors over the past year. By the end of 2023, more than 1,000 resident companies were registered in the 44 SEZs, of which 176 were new investors, compared to 141 new investors in 2022.
> 
> During 2023, 18,100 new jobs were created, amounted to 169% of the planned budget, and up one and a half times higher than in 2022 at 12,000 jobs. Actual investments were also up at ‚ÇΩ660 billion (US$7.5 billion) in 2023 against ‚ÇΩ196 billion (US$2.3 billion) in 2022.
> 
> Russia‚Äôs SEZs have also been acquiring technology transfer know-how, itemised as an R&D contribution in investments, with this sector worth some ‚ÇΩ22 billion (US$250 million).
> 
> For further information about Russia‚Äôs SEZ, please contact us at [research at russiaspivottoasia.com](mailto:research at russiaspivottoasia.com)
> 
> #### Further Reading
> 
> ##### [India‚Äôs UDM Nestors Investing in Dairy Production In Izhevsk SEZ](https://russiaspivottoasia.com/indias-udm-nestors-investing-in-dairy-production-in-izhevsk-sez/)

  
  
  
- - - - - -

[Maintainer](https://www.reddit.com/user/urielsalis) | [Creator](https://www.reddit.com/user/subtepass) | [Source Code](https://github.com/urielsalis/empleadoEstatalBot)",1747979585.0,,<bound method VotableMixin.upvote of Submission(id='1ktc63r')>
mtspgga,comment,,Trump needs to drop sanctions asap.,1747985405.0,,<bound method VotableMixin.upvote of Submission(id='1ktc63r')>
mtsvt31,comment,,"World doesnt revolve around Ukraine/Europe.
And sanctioning Russia wont change the outcome of war. Plus it has negative effects that go both way.",1747989249.0,,<bound method VotableMixin.upvote of Submission(id='1ktc63r')>
mtsspc0,comment,,They are handing China an indispensable wild card.,1747987341.0,,<bound method VotableMixin.upvote of Submission(id='1ktc63r')>
1ktb4yg,submission,"UA POV: In 4 districts of Poltava region, mobile checkpoints will be established to locate AWOL soldiers, each staffed by 6 police officers, 4 servicemen of the TCC, 1 officer from the Military Law Enforcement Service, and 1 representative of the Security Service of Ukraine - Suspilne",,1747975537.0,0.92,<bound method VotableMixin.upvote of Submission(id='1ktb4yg')>
mtsghb6,comment,,"Thats how basically soviet barrier troops operated btw, collecting AWOL and sending them back instead of encouraging human waves by machinegun fire.",1747980355.0,,<bound method VotableMixin.upvote of Submission(id='1ktb4yg')>
mtsw1j2,comment,,Sounds like a juicy soft target if anyone started feeling frisky. And maybe a little bit oppressed by their government and it's lacky's.,1747989390.0,,<bound method VotableMixin.upvote of Submission(id='1ktb4yg')>
mtsihj1,comment,,"Most people think that this is made to make more rear positions and to detain draft dodgers. Two new groups of mobilization potential are expected, June 5 is last day to update not fit status, and also university graduates will appear. Before mobile checkpoints creation was explained as for ""counter sabotage measures""",1747981445.0,,<bound method VotableMixin.upvote of Submission(id='1ktb4yg')>
mtsj9gj,comment,,"Crime fighting and anti-sabotage (draft dodging ia a crime, evading TCC is a sabotage).",1747981878.0,,<bound method VotableMixin.upvote of Submission(id='1ktb4yg')>
1ktasix,submission,UA POV: First responders in Sumy working to extinguish a fire on industrial facilities,"*dsns_Telegram*

> #–°—É–º–∏ : rescuers put out large-scale fire caused by Russian attack

> üìçOn May 21, Russian strike drones attacked industrial facilities in the Sumy community. The building was partially destroyed and a large-scale fire also broke out.

> Firefighters had to work simultaneously at three locations. Additionally, special equipment was used to transport water and extinguish the fire at height.

> ‚ñ´Ô∏èDue to the threat of repeated enemy strikes, rescuers were forced to temporarily suspend work. Despite all the difficulties and high fire load, the employees of the State Emergency Service of Ukraine eliminated all sources of combustion.",1747974279.0,0.95,<bound method VotableMixin.upvote of Submission(id='1ktasix')>
mts5etx,comment,,Sumy was relatively quiet until the Ukrainians decided it was a good idea to invade Kursk.,1747974762.0,,<bound method VotableMixin.upvote of Submission(id='1ktasix')>
1ktamp0,submission,"RU POV: Damaged apartment in the village of Panteleimonovka in Russian occupied Yasinovataya area, Donetsk region.","*novostidnua / Telegram*

*dan_dnr / Telegram*

> The village of Panteleimonovka was shelled in the occupied Yasinovataya area. Eight casualties were reported.

> The occupation authorities claim that the village was attacked by HIMARS rocket systems and two drones. As a result of the shelling, private homes and an apartment building were damaged.

> The DPR group has not reported any hits to military targets.
",1747973715.0,0.7,<bound method VotableMixin.upvote of Submission(id='1ktamp0')>
mtscw58,comment,,"This is so sad. That was someone's life in that space. Also, look how beautiful it is outside that window. Wish this hell would end.",1747978454.0,,<bound method VotableMixin.upvote of Submission(id='1ktamp0')>
1ktae4l,submission,"UA POV: pictures of restored  hospital in  Slavyansk. May 22, 2025","*novostidnua / Telegram*

> In Slavyansk, the city hospital laboratory was restored after the shelling

> In Slavyansk, repairs have been completed on the clinical diagnostic laboratory of the city clinical hospital, the building of which was damaged as a result of enemy shelling in early 2024.

> The Italian non-profit organization WE WORLD GVC came to the rescue with the financial support of the UN Office for the Coordination of Humanitarian Affairs in Ukraine and the Italian Development Agency. The organizations ""Avalist"" and ""Mystetstvo nadannya dopomohy"" also helped,"" said Vadym Lyakh, head of the Slavic MVA.

> The repairs cost more than 6 million hryvnia. Donors provided for the restoration of the roof, replacement of heating, water supply, sewerage and ventilation systems, as well as internal and external work.

> ""The laboratory is one of the most important departments of the medical institution. We serve not only the residents of the community, but also displaced persons, military personnel and neighboring TGs. I thank everyone who supports us in this difficult time,"" added Lyakh.
",1747972898.0,0.88,<bound method VotableMixin.upvote of Submission(id='1ktae4l')>
mts38bb,comment,,But where's the medical equipment ?,1747973748.0,,<bound method VotableMixin.upvote of Submission(id='1ktae4l')>
mtss1kx,comment,,Quite strange investment.,1747986945.0,,<bound method VotableMixin.upvote of Submission(id='1ktae4l')>
mtsauub,comment,,why do you need that in a bathhouse? Thor will take your pain away,1747977407.0,,<bound method VotableMixin.upvote of Submission(id='1ktae4l')>
1ktaag5,submission,"UA POV: photos of a group of young men from North, South, and East Ukraine being taken into custody by the SBU","SBU telegram post below. 

The SBU and the National Police detained 6 more arsonists who were carrying out orders from the Russian Federation in the north, east and south of Ukraine

The Security Service and the National Police detained six new accomplices of the Russian special services who were involved in setting fire to vehicles of the Defense Forces and Ukrzaliznytsia facilities.

According to the case materials, the Russian orders were carried out by local residents recruited by the FSB, the youngest of whom was 13 years old. All of them came into the sights of the occupiers when they were looking for ‚Äúeasy money‚Äù in Telegram channels.

First, the suspects coordinated with the curators on potential ""targets,"" and then destroyed them using flammable mixtures.

üîπ Two minors from the city of Samar were detained in the Dnipropetrovsk region for burning several relay cabinets of signal installations that regulate train traffic.

They were later supposed to find and set fire to the official cars of the Ukrainian defenders. But the suspects did not have time to do this, as they were detained ""hot on the trail"" after the crimes on the railway.

üîπ Three more FSB henchmen were detained in the Odessa region. They turned out to be two young men from the regional center, aged 17 and 18, as well as a 27-year-old resident of Chornomorsk, who were separately carrying out orders from the Russian Federation.

According to the case materials, the attackers destroyed three Ukrzaliznytsia relay cabinets and an SUV of the Armed Forces of Ukraine, which was undergoing maintenance after completing tasks at the front.

üîπ A 24-year-old welder from a local service station was detained in Chernihiv for trying to burn a Ukrainian soldier's car.

According to the case materials, he wanted to set fire to a vehicle right on the territory of the service station, pretending that it was done by ""outsiders"" who had sneaked into the territory in the dark.

SBU officers acted proactively and detained the perpetrator when he had already prepared a flammable substance for the crime.

Based on all the facts revealed, the detainees were informed of suspicion in accordance with the crimes committed under two articles of the Criminal Code of Ukraine:

‚ñ™ Part 2 of Article 113 (sabotage committed under martial law);
‚ñ™ Part 1 of Article 114-1 (obstruction of the lawful activities of the Armed Forces of Ukraine and other military formations during martial law).
The perpetrators are in custody. The issue of bringing the 13-year-old suspect to justice is being decided.

Comprehensive measures were carried out by SBU officers in Dnipropetrovsk, Odessa, and Chernihiv regions together with the National Police under the procedural guidance of regional prosecutors' offices.

The SBU reminds you that if you or your friends are trying to recruit hostile special services, report it to the SBU chatbot ""Spaly FSBeshnyka"" - t.me/spaly_fsb_bot .",1747972555.0,0.87,<bound method VotableMixin.upvote of Submission(id='1ktaag5')>
